filename,video-duration,fps,video-frames
undercover-left_videos_20220516_131009.mp4,60.0,30.0,1800
undercover-left_videos_20220516_132052.mp4,60.0,30.0,1800
undercover-left_videos_20220516_132513.mp4,60.0,30.0,1800
undercover-left_videos_20220516_112059.mp4,60.0,30.0,1800
undercover-left_videos_20220516_095913.mp4,60.0,30.0,1800
undercover-left_videos_20220516_125345.mp4,60.0,30.0,1800
undercover-left_videos_20220516_091945.mp4,60.0,30.0,1800
undercover-left_videos_20220516_172239.mp4,60.0,30.0,1800
undercover-left_videos_20220516_091836.mp4,60.0,30.0,1800
undercover-left_videos_20220516_075508.mp4,60.0,30.0,1800
undercover-left_videos_20220413_201348.mp4,60.0,30.0,1800
undercover-left_videos_20220413_192904.mp4,60.0,30.0,1800
undercover-left_videos_20220413_202031.mp4,60.0,30.0,1800
undercover-left_videos_20220413_194804.mp4,60.0,30.0,1800
undercover-left_videos_20220413_202245.mp4,60.0,30.0,1800
undercover-left_videos_20220413_184846.mp4,60.0,30.0,1800
undercover-left_videos_20220413_202714.mp4,60.0,30.0,1800
undercover-left_videos_20220413_185314.mp4,60.0,30.0,1800
undercover-left_videos_20220413_201924.mp4,60.0,30.0,1800
undercover-left_videos_20220413_182837.mp4,60.0,30.0,1800
undercover-left_videos_20220413_174243.mp4,60.0,30.0,1800
undercover-left_videos_20220413_180614.mp4,60.0,30.0,1800
undercover-left_videos_20220413_173024.mp4,60.0,30.0,1800
undercover-left_videos_20220413_140812.mp4,60.0,30.0,1800
undercover-left_videos_20220413_144609.mp4,60.0,30.0,1800
undercover-left_videos_20220413_131439.mp4,60.0,30.0,1800
undercover-left_videos_20220413_110044.mp4,60.0,30.0,1800
undercover-left_videos_20220413_151043.mp4,60.0,30.0,1800
undercover-left_videos_20220413_131546.mp4,60.0,30.0,1800
undercover-left_videos_20220413_123749.mp4,60.0,30.0,1800
undercover-left_videos_20220413_092656.mp4,60.0,30.0,1800
undercover-left_videos_20220413_144930.mp4,60.0,30.0,1800
undercover-left_videos_20220413_124431.mp4,60.0,30.0,1800
undercover-left_videos_20220413_144502.mp4,60.0,30.0,1800
undercover-left_videos_20220413_101925.mp4,60.0,30.0,1800
undercover-left_videos_20220413_104720.mp4,60.0,30.0,1800
undercover-left_videos_20220413_102928.mp4,60.0,30.0,1800
undercover-left_videos_20220413_122105.mp4,60.0,30.0,1800
undercover-left_videos_20220413_094702.mp4,60.0,30.0,1800
undercover-left_videos_20220413_091652.mp4,60.0,30.0,1800
undercover-left_videos_20220413_072342.mp4,60.0,30.0,1800
undercover-left_videos_20220413_083635.mp4,60.0,30.0,1800
undercover-left_videos_20220413_071658.mp4,60.0,30.0,1800
undercover-left_videos_20220413_085216.mp4,60.0,30.0,1800
undercover-left_videos_20220413_074502.mp4,60.0,30.0,1800
undercover-left_videos_20220413_234033.mp4,60.0,30.0,1800
undercover-left_videos_20220413_233926.mp4,60.0,30.0,1800
undercover-left_videos_20220413_222435.mp4,60.0,30.0,1800
undercover-left_videos_20220413_222007.mp4,60.0,30.0,1800
undercover-left_videos_20220413_221753.mp4,60.0,30.0,1800
undercover-left_videos_20220413_223907.mp4,60.0,30.0,1800
undercover-left_videos_20220413_205042.mp4,60.0,30.0,1800
undercover-left_videos_20220413_222114.mp4,60.0,30.0,1800
undercover-left_videos_20220413_204935.mp4,60.0,30.0,1800
undercover-left_videos_20220413_220322.mp4,60.0,30.0,1800
undercover-left_videos_20220415_073910.mp4,60.0,30.0,1800
undercover-left_videos_20220415_064832.mp4,60.0,30.0,1800
undercover-left_videos_20220415_064510.mp4,60.0,30.0,1800
undercover-left_videos_20220415_073116.mp4,60.0,30.0,1800
undercover-left_videos_20220415_202300.mp4,60.0,30.0,1800
undercover-left_videos_20220415_230528.mp4,60.0,30.0,1800
undercover-left_videos_20220415_215507.mp4,60.0,30.0,1800
undercover-left_videos_20220415_194628.mp4,60.0,30.0,1800
undercover-left_videos_20220415_194302.mp4,60.0,30.0,1800
undercover-left_videos_20220415_205129.mp4,60.0,30.0,1800
undercover-left_videos_20220415_185447.mp4,60.0,30.0,1800
undercover-left_videos_20220415_204656.mp4,60.0,30.0,1800
undercover-left_videos_20220415_183734.mp4,60.0,30.0,1800
undercover-left_videos_20220415_191749.mp4,60.0,30.0,1800
undercover-left_videos_20220415_181001.mp4,60.0,30.0,1800
undercover-left_videos_20220415_185556.mp4,60.0,30.0,1800
undercover-left_videos_20220415_193025.mp4,60.0,30.0,1800
undercover-left_videos_20220415_193500.mp4,60.0,30.0,1800
undercover-left_videos_20220415_180158.mp4,60.0,30.0,1800
undercover-left_videos_20220415_185121.mp4,60.0,30.0,1800
undercover-left_videos_20220415_175139.mp4,60.0,30.0,1800
undercover-left_videos_20220415_112117.mp4,60.0,30.0,1800
undercover-left_videos_20220415_171451.mp4,60.0,30.0,1800
undercover-left_videos_20220415_182128.mp4,60.0,30.0,1800
undercover-left_videos_20220415_171927.mp4,60.0,30.0,1800
undercover-left_videos_20220415_170906.mp4,60.0,30.0,1800
undercover-left_videos_20220415_123412.mp4,60.0,30.0,1800
undercover-left_videos_20220415_131009.mp4,60.0,30.0,1800
undercover-left_videos_20220415_144301.mp4,60.0,30.0,1800
undercover-left_videos_20220415_110949.mp4,60.0,30.0,1800
undercover-left_videos_20220415_103102.mp4,60.0,30.0,1800
undercover-left_videos_20220415_105933.mp4,60.0,30.0,1800
undercover-left_videos_20220415_105025.mp4,60.0,30.0,1800
undercover-left_videos_20220415_084541.mp4,60.0,30.0,1800
undercover-left_videos_20220415_100454.mp4,60.0,30.0,1800
undercover-left_videos_20220415_075349.mp4,60.0,30.0,1800
undercover-left_videos_20220415_082415.mp4,60.0,30.0,1800
undercover-left_videos_20220415_074556.mp4,60.0,30.0,1800
undercover-left_videos_20220415_094426.mp4,60.0,30.0,1800
undercover-left_videos_20220415_072431.mp4,60.0,30.0,1800
undercover-left_videos_20220414_141252.mp4,60.0,30.0,1800
undercover-left_videos_20220414_133129.mp4,60.0,30.0,1800
undercover-left_videos_20220414_151423.mp4,60.0,30.0,1800
undercover-left_videos_20220414_112123.mp4,60.0,30.0,1800
undercover-left_videos_20220414_230448.mp4,60.0,30.0,1800
undercover-left_videos_20220414_112015.mp4,60.0,30.0,1800
undercover-left_videos_20220414_072638.mp4,60.0,30.0,1800
undercover-left_videos_20220414_122520.mp4,60.0,30.0,1800
undercover-left_videos_20220414_101617.mp4,60.0,30.0,1800
undercover-left_videos_20220414_081926.mp4,60.0,30.0,1800
undercover-left_videos_20220414_132339.mp4,60.0,30.0,1800
undercover-left_videos_20220414_080705.mp4,60.0,30.0,1800
undercover-left_videos_20220414_070303.mp4,60.0,30.0,1800
undercover-left_videos_20220414_070156.mp4,60.0,30.0,1800
undercover-left_videos_20220414_075912.mp4,60.0,30.0,1800
undercover-left_videos_20220414_191740.mp4,60.0,30.0,1800
undercover-left_videos_20220414_110433.mp4,60.0,30.0,1800
undercover-left_videos_20220414_104958.mp4,60.0,30.0,1800
undercover-left_videos_20220414_203917.mp4,60.0,30.0,1800
undercover-left_videos_20220414_201440.mp4,60.0,30.0,1800
undercover-left_videos_20220414_215314.mp4,60.0,30.0,1800
undercover-left_videos_20220414_193212.mp4,60.0,30.0,1800
undercover-left_videos_20220414_201909.mp4,60.0,30.0,1800
undercover-left_videos_20220414_192637.mp4,60.0,30.0,1800
undercover-left_videos_20220414_195112.mp4,60.0,30.0,1800
undercover-left_videos_20220414_193319.mp4,60.0,30.0,1800
undercover-left_videos_20220414_232817.mp4,60.0,30.0,1800
undercover-left_videos_20220414_221749.mp4,60.0,30.0,1800
undercover-left_videos_20220414_200905.mp4,60.0,30.0,1800
undercover-left_videos_20220414_174246.mp4,60.0,30.0,1800
undercover-left_videos_20220414_214952.mp4,60.0,30.0,1800
undercover-left_videos_20220414_220103.mp4,60.0,30.0,1800
undercover-left_videos_20220414_225551.mp4,60.0,30.0,1800
undercover-left_videos_20220414_224909.mp4,60.0,30.0,1800
undercover-left_videos_20220414_133558.mp4,60.0,30.0,1800
undercover-left_videos_20220414_145736.mp4,60.0,30.0,1800
undercover-left_videos_20220414_142150.mp4,60.0,30.0,1800
undercover-left_videos_20220414_141935.mp4,60.0,30.0,1800
undercover-left_videos_20230403_081652.mp4,60.0,30.0,1800
undercover-left_videos_20230403_164502.mp4,60.0,30.0,1800
undercover-left_videos_20230403_065651.mp4,60.0,30.0,1800
undercover-left_videos_20230403_132859.mp4,60.0,30.0,1800
undercover-left_videos_20230403_101455.mp4,60.0,30.0,1800
undercover-left_videos_20220912_091714.mp4,111.0,30.0,3330
undercover-left_videos_20220912_140807.mp4,94.0,30.0,2820
undercover-left_videos_20220912_153701.mp4,101.0,30.0,3030
undercover-left_videos_20220912_170743.mp4,96.0,30.0,2880
undercover-left_videos_20220912_165020.mp4,139.0,30.0,4170
undercover-left_videos_20220912_175810.mp4,86.0,30.0,2580
undercover-left_videos_20220912_092409.mp4,120.0,30.0,3600
undercover-left_videos_20220912_124226.mp4,112.0,30.0,3360
undercover-left_videos_20220912_150813.mp4,129.0,30.0,3870
undercover-left_videos_20220912_171407.mp4,98.0,30.0,2940
undercover-left_videos_20220912_175450.mp4,109.0,30.0,3270
undercover-left_videos_20230328_070031.mp4,60.0,30.0,1800
undercover-left_videos_20230328_111936.mp4,60.0,30.0,1800
undercover-left_videos_20230328_000725.mp4,60.0,30.0,1800
undercover-left_videos_20230328_081432.mp4,60.0,30.0,1800
undercover-left_videos_20230328_091634.mp4,60.0,30.0,1800
undercover-left_videos_20230328_065230.mp4,60.0,30.0,1800
undercover-left_videos_20230328_000324.mp4,60.0,30.0,1800
undercover-left_videos_20230328_001025.mp4,60.0,30.0,1800
undercover-left_videos_20230328_084033.mp4,60.0,30.0,1800
undercover-left_videos_20230328_105636.mp4,60.0,30.0,1800
undercover-left_videos_20220607_132656.mp4,60.0,30.0,1800
undercover-left_videos_20220607_143941.mp4,60.0,30.0,1800
undercover-left_videos_20220607_153255.mp4,60.0,30.0,1800
undercover-left_videos_20220607_172246.mp4,60.0,30.0,1800
undercover-left_videos_20220607_124724.mp4,60.0,30.0,1800
undercover-left_videos_20220607_130524.mp4,60.0,30.0,1800
undercover-left_videos_20220607_122913.mp4,60.0,30.0,1800
undercover-left_videos_20220607_094852.mp4,60.0,30.0,1800
undercover-left_videos_20220607_122238.mp4,60.0,30.0,1800
undercover-left_videos_20220607_093519.mp4,60.0,30.0,1800
undercover-left_videos_20230317_123348.mp4,60.0,30.0,1800
undercover-left_videos_20230317_083946.mp4,60.0,30.0,1800
undercover-left_videos_20230317_100847.mp4,60.0,30.0,1800
undercover-left_videos_20230317_112648.mp4,60.0,30.0,1800
undercover-left_videos_20230317_081546.mp4,60.0,30.0,1800
undercover-left_videos_20230317_124348.mp4,60.0,30.0,1800
undercover-left_videos_20230317_102647.mp4,60.0,30.0,1800
undercover-left_videos_20230317_080845.mp4,60.0,30.0,1800
undercover-left_videos_20230317_090546.mp4,61.0,30.0,1830
undercover-left_videos_20230317_104648.mp4,60.0,30.0,1800
undercover-left_videos_20230317_094247.mp4,60.0,30.0,1800
undercover-left_videos_20230322_162547.mp4,61.0,30.0,1830
undercover-left_videos_20230322_164848.mp4,60.0,30.0,1800
undercover-left_videos_20230322_132846.mp4,60.0,30.0,1800
undercover-left_videos_20230322_185749.mp4,60.0,30.0,1800
undercover-left_videos_20230322_071644.mp4,60.0,30.0,1800
undercover-left_videos_20220613_170917.mp4,60.0,30.0,1800
undercover-left_videos_20220613_171350.mp4,60.0,30.0,1800
undercover-left_videos_20220613_101028.mp4,60.0,30.0,1800
undercover-left_videos_20220613_175758.mp4,60.0,30.0,1800
undercover-left_videos_20220613_135724.mp4,60.0,30.0,1800
undercover-left_videos_20220613_150628.mp4,60.0,30.0,1800
undercover-left_videos_20220613_125410.mp4,60.0,30.0,1800
undercover-left_videos_20220613_140733.mp4,60.0,30.0,1800
undercover-left_videos_20220613_091033.mp4,60.0,30.0,1800
undercover-left_videos_20220613_093400.mp4,60.0,30.0,1800
undercover-left_videos_20220613_095807.mp4,60.0,30.0,1800
undercover-left_videos_20230417_221118.mp4,60.0,30.0,1800
undercover-left_videos_20230417_182849.mp4,60.0,30.0,1800
undercover-left_videos_20230417_191856.mp4,61.0,30.0,1830
undercover-left_videos_20230417_175945.mp4,61.0,30.0,1830
undercover-left_videos_20230417_125519.mp4,60.0,30.0,1800
undercover-left_videos_20230417_101701.mp4,60.0,30.0,1800
undercover-left_videos_20230417_071823.mp4,60.0,30.0,1800
undercover-left_videos_20230417_074726.mp4,60.0,30.0,1800
undercover-left_videos_20220727_144233.mp4,119.0,30.0,3570
undercover-left_videos_20220727_083824.mp4,112.0,30.0,3360
undercover-left_videos_20220727_074358.mp4,112.0,30.0,3360
undercover-left_videos_20220727_130719.mp4,115.0,30.0,3450
undercover-left_videos_20220727_080438.mp4,112.0,30.0,3360
undercover-left_videos_20220727_162454.mp4,119.0,30.0,3570
undercover-left_videos_20220727_084940.mp4,112.0,30.0,3360
undercover-left_videos_20220727_151552.mp4,120.0,30.0,3600
undercover-left_videos_20220727_075132.mp4,113.0,30.0,3390
undercover-left_videos_20220727_124037.mp4,118.0,30.0,3540
undercover-left_videos_20220727_064739.mp4,112.0,30.0,3360
undercover-left_videos_20220727_000831.mp4,88.0,30.0,2640
undercover-left_videos_20220727_065124.mp4,112.0,30.0,3360
undercover-left_videos_20220727_072124.mp4,113.0,30.0,3390
undercover-left_videos_20220525_171922.mp4,60.0,30.0,1800
undercover-left_videos_20220525_130053.mp4,60.0,30.0,1800
undercover-left_videos_20220525_133710.mp4,60.0,30.0,1800
undercover-left_videos_20220525_154324.mp4,60.0,30.0,1800
undercover-left_videos_20220525_101353.mp4,60.0,30.0,1800
undercover-left_videos_20220525_135320.mp4,60.0,30.0,1800
undercover-left_videos_20220525_102617.mp4,60.0,30.0,1800
undercover-left_videos_20220525_102511.mp4,60.0,30.0,1800
undercover-left_videos_20220525_121815.mp4,60.0,30.0,1800
undercover-left_videos_20220525_123836.mp4,60.0,30.0,1800
undercover-left_videos_20220608_111053.mp4,60.0,30.0,1800
undercover-left_videos_20220608_094335.mp4,60.0,30.0,1800
undercover-left_videos_20220608_085414.mp4,60.0,30.0,1800
undercover-left_videos_20220608_091837.mp4,60.0,30.0,1800
undercover-left_videos_20220608_091041.mp4,60.0,30.0,1800
undercover-left_videos_20220608_101223.mp4,60.0,30.0,1800
undercover-left_videos_20220608_175044.mp4,60.0,30.0,1800
undercover-left_videos_20220608_181014.mp4,60.0,30.0,1800
undercover-left_videos_20220608_174723.mp4,60.0,30.0,1800
undercover-left_videos_20220608_123653.mp4,60.0,30.0,1800
undercover-left_videos_20220608_112117.mp4,60.0,30.0,1800
undercover-left_videos_20220517_100809.mp4,60.0,30.0,1800
undercover-left_videos_20220517_135758.mp4,60.0,30.0,1800
undercover-left_videos_20220517_102323.mp4,60.0,30.0,1800
undercover-left_videos_20220517_131656.mp4,60.0,30.0,1800
undercover-left_videos_20220517_133706.mp4,60.0,30.0,1800
undercover-left_videos_20220517_101235.mp4,60.0,30.0,1800
undercover-left_videos_20220517_101445.mp4,60.0,30.0,1800
undercover-left_videos_20220517_142716.mp4,60.0,30.0,1800
undercover-left_videos_20220517_083619.mp4,60.0,30.0,1800
undercover-left_videos_20220517_135649.mp4,60.0,30.0,1800
undercover-left_videos_20220517_084046.mp4,60.0,30.0,1800
undercover-left_videos_20220517_083509.mp4,60.0,30.0,1800
undercover-left_videos_20220517_133240.mp4,60.0,30.0,1800
undercover-left_videos_20220517_101552.mp4,60.0,30.0,1800
undercover-left_videos_20220517_083936.mp4,60.0,30.0,1800
undercover-left_videos_20230410_103805.mp4,60.0,30.0,1800
undercover-left_videos_20230410_081102.mp4,60.0,30.0,1800
undercover-left_videos_20230410_183619.mp4,60.0,30.0,1800
undercover-left_videos_20230410_084303.mp4,60.0,30.0,1800
undercover-left_videos_20230410_181318.mp4,60.0,30.0,1800
undercover-left_videos_20230321_202738.mp4,60.0,30.0,1800
undercover-left_videos_20230321_012431.mp4,60.0,30.0,1800
undercover-left_videos_20230321_024131.mp4,60.0,30.0,1800
undercover-left_videos_20230321_111635.mp4,60.0,30.0,1800
undercover-left_videos_20230321_010230.mp4,60.0,30.0,1800
undercover-left_videos_20230321_220840.mp4,60.0,30.0,1800
undercover-left_videos_20230321_154937.mp4,60.0,30.0,1800
undercover-left_videos_20230321_194938.mp4,60.0,30.0,1800
undercover-left_videos_20230323_164910.mp4,60.0,30.0,1800
undercover-left_videos_20230323_151509.mp4,60.0,30.0,1800
undercover-left_videos_20220606_172001.mp4,60.0,30.0,1800
undercover-left_videos_20220606_160251.mp4,60.0,30.0,1800
undercover-left_videos_20220606_121840.mp4,60.0,30.0,1800
undercover-left_videos_20220606_155711.mp4,60.0,30.0,1800
undercover-left_videos_20220606_100544.mp4,60.0,30.0,1800
undercover-left_videos_20220606_093514.mp4,60.0,30.0,1800
undercover-left_videos_20220606_140839.mp4,60.0,30.0,1800
undercover-left_videos_20220606_093829.mp4,60.0,30.0,1800
undercover-left_videos_20220606_103632.mp4,60.0,30.0,1800
undercover-left_videos_20220606_095101.mp4,60.0,30.0,1800
undercover-left_videos_20220606_093157.mp4,60.0,30.0,1800
undercover-left_videos_20220513_083811.mp4,60.0,30.0,1800
undercover-left_videos_20220513_102730.mp4,60.0,30.0,1800
undercover-left_videos_20220513_100847.mp4,60.0,30.0,1800
undercover-left_videos_20220513_102312.mp4,60.0,30.0,1800
undercover-left_videos_20220513_101641.mp4,60.0,30.0,1800
undercover-left_videos_20220513_084019.mp4,60.0,30.0,1800
undercover-left_videos_20220513_101957.mp4,60.0,30.0,1800
undercover-left_videos_20220513_100951.mp4,60.0,30.0,1800
undercover-left_videos_20220513_144148.mp4,60.0,30.0,1800
undercover-left_videos_20220513_084126.mp4,60.0,30.0,1800
undercover-left_videos_20220513_083706.mp4,60.0,30.0,1800
undercover-left_videos_20220513_094457.mp4,60.0,30.0,1800
undercover-left_videos_20220513_085023.mp4,60.0,30.0,1800
undercover-left_videos_20220513_080526.mp4,60.0,30.0,1800
undercover-left_videos_20220513_101535.mp4,60.0,30.0,1800
undercover-left_videos_20230324_201801.mp4,60.0,30.0,1800
undercover-left_videos_20230324_161357.mp4,60.0,30.0,1800
undercover-left_videos_20230324_102130.mp4,60.0,30.0,1800
undercover-left_videos_20230324_180059.mp4,60.0,30.0,1800
undercover-left_videos_20230324_091629.mp4,60.0,30.0,1800
undercover-left_videos_20230324_095730.mp4,60.0,30.0,1800
undercover-left_videos_20230324_112131.mp4,60.0,30.0,1800
undercover-left_videos_20230324_094129.mp4,60.0,30.0,1800
undercover-left_videos_20230324_103931.mp4,60.0,30.0,1800
undercover-left_videos_20230324_000519.mp4,60.0,30.0,1800
undercover-left_videos_20230324_002719.mp4,60.0,30.0,1800
undercover-left_videos_20230324_001919.mp4,60.0,30.0,1800
undercover-left_videos_20230324_004019.mp4,60.0,30.0,1800
undercover-left_videos_20230324_150656.mp4,60.0,30.0,1800
undercover-left_videos_20230324_071727.mp4,60.0,30.0,1800
undercover-left_videos_20230324_143355.mp4,60.0,30.0,1800
undercover-left_videos_20220412_185439.mp4,60.0,30.0,1800
undercover-left_videos_20220412_205041.mp4,60.0,30.0,1800
undercover-left_videos_20220412_202236.mp4,60.0,30.0,1800
undercover-left_videos_20220412_182732.mp4,60.0,30.0,1800
undercover-left_videos_20220412_183055.mp4,60.0,30.0,1800
undercover-left_videos_20220412_173202.mp4,60.0,30.0,1800
undercover-left_videos_20220412_183310.mp4,60.0,30.0,1800
undercover-left_videos_20220412_173634.mp4,60.0,30.0,1800
undercover-left_videos_20220412_182625.mp4,60.0,30.0,1800
undercover-left_videos_20220412_083101.mp4,60.0,30.0,1800
undercover-left_videos_20220412_124634.mp4,60.0,30.0,1800
undercover-left_videos_20220412_143108.mp4,60.0,30.0,1800
undercover-left_videos_20220412_103914.mp4,60.0,30.0,1800
undercover-left_videos_20220412_123737.mp4,60.0,30.0,1800
undercover-left_videos_20220412_100440.mp4,60.0,30.0,1800
undercover-left_videos_20220412_100333.mp4,60.0,30.0,1800
undercover-left_videos_20220412_095438.mp4,60.0,30.0,1800
undercover-left_videos_20220412_075309.mp4,60.0,30.0,1800
undercover-left_videos_20220412_072410.mp4,60.0,30.0,1800
undercover-left_videos_20220412_074307.mp4,60.0,30.0,1800
undercover-left_videos_20230320_142126.mp4,60.0,30.0,1800
undercover-left_videos_20230320_095725.mp4,60.0,30.0,1800
undercover-left_videos_20230320_112225.mp4,60.0,30.0,1800
undercover-left_videos_20230320_132226.mp4,60.0,30.0,1800
undercover-left_videos_20230320_084523.mp4,60.0,30.0,1800
undercover-left_videos_20230320_083023.mp4,60.0,30.0,1800
undercover-left_videos_20230320_091724.mp4,60.0,30.0,1800
undercover-left_videos_20230320_101025.mp4,60.0,30.0,1800
undercover-left_videos_20230320_145026.mp4,60.0,30.0,1800
undercover-left_videos_20230320_071122.mp4,60.0,30.0,1800
undercover-left_videos_20230320_073522.mp4,60.0,30.0,1800
undercover-left_videos_20230320_103325.mp4,60.0,30.0,1800
undercover-left_videos_20220926_085050.mp4,120.0,30.0,3600
undercover-left_videos_20220926_125034.mp4,86.0,30.0,2580
undercover-left_videos_20220926_104343.mp4,88.0,30.0,2640
undercover-left_videos_20220926_121642.mp4,109.0,30.0,3270
undercover-left_videos_20220926_093307.mp4,147.0,30.0,4410
undercover-left_videos_20220926_091533.mp4,109.0,30.0,3270
undercover-left_videos_20220926_080701.mp4,88.0,30.0,2640
undercover-left_videos_20220926_095625.mp4,91.0,30.0,2730
undercover-left_videos_20220926_075906.mp4,120.0,30.0,3600
undercover-left_videos_20220926_073644.mp4,94.0,30.0,2820
undercover-left_videos_20230315_130924.mp4,60.0,30.0,1800
undercover-left_videos_20230315_144925.mp4,60.0,30.0,1800
undercover-left_videos_20230315_140624.mp4,60.0,30.0,1800
undercover-left_videos_20230315_105223.mp4,60.0,30.0,1800
undercover-left_videos_20230315_121524.mp4,60.0,30.0,1800
undercover-left_videos_20230315_092922.mp4,60.0,30.0,1800
undercover-left_videos_20230315_101523.mp4,60.0,30.0,1800
undercover-left_videos_20230315_135624.mp4,60.0,30.0,1800
undercover-left_videos_20230315_125024.mp4,60.0,30.0,1800
undercover-left_videos_20230315_084522.mp4,60.0,30.0,1800
undercover-left_videos_20230315_084922.mp4,60.0,30.0,1800
undercover-left_videos_20230315_080021.mp4,60.0,30.0,1800
undercover-left_videos_20230316_122435.mp4,60.0,30.0,1800
undercover-left_videos_20230316_124635.mp4,60.0,30.0,1800
undercover-left_videos_20230316_101934.mp4,60.0,30.0,1800
undercover-left_videos_20230316_112134.mp4,60.0,30.0,1800
undercover-left_videos_20230316_100334.mp4,60.0,30.0,1800
undercover-left_videos_20230316_104334.mp4,60.0,30.0,1800
undercover-left_videos_20230316_095234.mp4,60.0,30.0,1800
undercover-left_videos_20230316_082734.mp4,60.0,30.0,1800
undercover-left_videos_20230316_081034.mp4,60.0,30.0,1800
undercover-left_videos_20230316_083434.mp4,60.0,30.0,1800
undercover-left_videos_20230316_073033.mp4,60.0,30.0,1800
undercover-left_videos_20230316_074033.mp4,60.0,30.0,1800
undercover-left_videos_20220418_203132.mp4,60.0,30.0,1800
undercover-left_videos_20220418_221518.mp4,60.0,30.0,1800
undercover-left_videos_20220418_220624.mp4,60.0,30.0,1800
undercover-left_videos_20220418_170936.mp4,60.0,30.0,1800
undercover-left_videos_20220418_205609.mp4,60.0,30.0,1800
undercover-left_videos_20220418_193620.mp4,60.0,30.0,1800
undercover-left_videos_20220418_195643.mp4,60.0,30.0,1800
undercover-left_videos_20220418_173909.mp4,60.0,30.0,1800
undercover-left_videos_20220418_193147.mp4,60.0,30.0,1800
undercover-left_videos_20220418_133709.mp4,60.0,30.0,1800
undercover-left_videos_20220418_145727.mp4,60.0,30.0,1800
undercover-left_videos_20220418_145834.mp4,60.0,30.0,1800
undercover-left_videos_20220418_124705.mp4,60.0,30.0,1800
undercover-left_videos_20220418_175032.mp4,60.0,30.0,1800
undercover-left_videos_20220418_123558.mp4,60.0,30.0,1800
undercover-left_videos_20220418_144511.mp4,60.0,30.0,1800
undercover-left_videos_20220418_111444.mp4,60.0,30.0,1800
undercover-left_videos_20220418_131026.mp4,60.0,30.0,1800
undercover-left_videos_20220418_121809.mp4,60.0,30.0,1800
undercover-left_videos_20220418_110336.mp4,60.0,30.0,1800
undercover-left_videos_20220418_123918.mp4,60.0,30.0,1800
undercover-left_videos_20220418_110016.mp4,60.0,30.0,1800
undercover-left_videos_20220418_103227.mp4,60.0,30.0,1800
undercover-left_videos_20220418_101546.mp4,60.0,30.0,1800
undercover-left_videos_20220418_103334.mp4,60.0,30.0,1800
undercover-left_videos_20220418_094757.mp4,60.0,30.0,1800
undercover-left_videos_20220418_093755.mp4,60.0,30.0,1800
undercover-left_videos_20220418_091647.mp4,60.0,30.0,1800
undercover-left_videos_20220418_093328.mp4,60.0,30.0,1800
undercover-left_videos_20220418_091220.mp4,60.0,30.0,1800
undercover-left_videos_20220418_091754.mp4,60.0,30.0,1800
undercover-left_videos_20220418_082643.mp4,60.0,30.0,1800
undercover-left_videos_20220418_082536.mp4,60.0,30.0,1800
undercover-left_videos_20220418_075854.mp4,60.0,30.0,1800
undercover-left_videos_20220418_072959.mp4,60.0,30.0,1800
undercover-left_videos_20220418_083537.mp4,60.0,30.0,1800
undercover-left_videos_20220418_072532.mp4,60.0,30.0,1800
undercover-left_videos_20220915_143048.mp4,92.0,30.0,2760
undercover-left_videos_20220915_124334.mp4,92.0,30.0,2760
undercover-left_videos_20220915_140157.mp4,108.0,30.0,3240
undercover-left_videos_20220915_121901.mp4,86.0,30.0,2580
undercover-left_videos_20220915_111512.mp4,98.0,30.0,2940
undercover-left_videos_20220915_101530.mp4,115.0,30.0,3450
undercover-left_videos_20220915_094705.mp4,107.0,30.0,3210
undercover-left_videos_20220915_105107.mp4,116.0,30.0,3480
undercover-left_videos_20220915_082939.mp4,129.0,30.0,3870
undercover-left_videos_20220915_080512.mp4,105.0,30.0,3150
undercover-left_videos_20220718_183618.mp4,97.0,30.0,2910
undercover-left_videos_20220718_153059.mp4,106.0,30.0,3180
undercover-left_videos_20220718_142908.mp4,130.0,30.0,3900
undercover-left_videos_20220718_121546.mp4,139.0,30.0,4170
undercover-left_videos_20220718_135120.mp4,145.0,30.0,4350
undercover-left_videos_20220718_141944.mp4,89.0,30.0,2670
undercover-left_videos_20220718_175832.mp4,119.0,30.0,3570
undercover-left_videos_20220718_101341.mp4,95.0,30.0,2850
undercover-left_videos_20220718_095740.mp4,99.0,30.0,2970
undercover-left_videos_20220718_111422.mp4,96.0,30.0,2880
undercover-left_videos_20220718_095036.mp4,85.0,30.0,2550
undercover-left_videos_20220919_161937.mp4,101.0,30.0,3030
undercover-left_videos_20220919_143452.mp4,88.0,30.0,2640
undercover-left_videos_20220919_141536.mp4,108.0,30.0,3240
undercover-left_videos_20220919_111028.mp4,88.0,30.0,2640
undercover-left_videos_20220919_081800.mp4,92.0,30.0,2760
undercover-left_videos_20220919_133520.mp4,93.0,30.0,2790
undercover-left_videos_20220919_104110.mp4,95.0,30.0,2850
undercover-left_videos_20220919_070539.mp4,120.0,30.0,3600
undercover-left_videos_20220919_083608.mp4,91.0,30.0,2730
undercover-left_videos_20220919_065618.mp4,102.0,30.0,3060
undercover-left_videos_20220919_073928.mp4,121.0,30.0,3630
undercover-left_videos_20220901_073832.mp4,95.0,30.0,2850
undercover-left_videos_20220901_135359.mp4,100.0,30.0,3000
undercover-left_videos_20220901_141729.mp4,93.0,30.0,2790
undercover-left_videos_20220901_130950.mp4,131.0,30.0,3930
undercover-left_videos_20220901_111752.mp4,121.0,30.0,3630
undercover-left_videos_20220901_110843.mp4,85.0,30.0,2550
undercover-left_videos_20220901_103018.mp4,91.0,30.0,2730
undercover-left_videos_20220901_102007.mp4,100.0,30.0,3000
undercover-left_videos_20220901_092120.mp4,92.0,30.0,2760
undercover-left_videos_20220901_082520.mp4,132.0,30.0,3960
undercover-left_videos_20220901_081031.mp4,144.0,30.0,4320
undercover-left_videos_20220908_161424.mp4,95.0,30.0,2850
undercover-left_videos_20220908_132032.mp4,96.0,30.0,2880
undercover-left_videos_20220908_122756.mp4,101.0,30.0,3030
undercover-left_videos_20220908_105224.mp4,92.0,30.0,2760
undercover-left_videos_20220908_141250.mp4,94.0,30.0,2820
undercover-left_videos_20220908_142657.mp4,112.0,30.0,3360
undercover-left_videos_20220908_073213.mp4,91.0,30.0,2730
undercover-left_videos_20220908_081443.mp4,99.0,30.0,2970
undercover-left_videos_20220908_093531.mp4,97.0,30.0,2910
undercover-left_videos_20220908_090618.mp4,96.0,30.0,2880
undercover-left_videos_20220908_072007.mp4,124.0,30.0,3720
undercover-left_videos_20220923_133034.mp4,89.0,30.0,2670
undercover-left_videos_20220923_122917.mp4,90.0,30.0,2700
undercover-left_videos_20220923_111747.mp4,107.0,30.0,3210
undercover-left_videos_20220923_091426.mp4,111.0,30.0,3330
undercover-left_videos_20220923_095046.mp4,139.0,30.0,4170
undercover-left_videos_20220923_074705.mp4,106.0,30.0,3180
undercover-left_videos_20220923_082557.mp4,117.0,30.0,3510
undercover-left_videos_20220923_084056.mp4,88.0,30.0,2640
undercover-left_videos_20220923_065306.mp4,108.0,30.0,3240
undercover-left_videos_20220923_073140.mp4,110.0,30.0,3300
undercover-left_videos_20220825_170705.mp4,104.0,30.0,3120
undercover-left_videos_20220825_151431.mp4,152.0,30.0,4560
undercover-left_videos_20220825_090636.mp4,91.0,30.0,2730
undercover-left_videos_20220825_083742.mp4,92.0,30.0,2760
undercover-left_videos_20220825_150031.mp4,151.0,30.0,4530
undercover-left_videos_20220825_164943.mp4,123.0,30.0,3690
undercover-left_videos_20220825_073822.mp4,96.0,30.0,2880
undercover-left_videos_20220825_082245.mp4,115.0,30.0,3450
undercover-left_videos_20220825_065619.mp4,93.0,30.0,2790
undercover-left_videos_20220825_070744.mp4,97.0,30.0,2910
undercover-left_videos_20220825_064956.mp4,124.0,30.0,3720
undercover-left_videos_20220825_072725.mp4,93.0,30.0,2790
undercover-left_videos_20220822_153456.mp4,105.0,30.0,3150
undercover-left_videos_20220822_135113.mp4,118.0,30.0,3540
undercover-left_videos_20220822_145948.mp4,105.0,30.0,3150
undercover-left_videos_20220822_143613.mp4,102.0,30.0,3060
undercover-left_videos_20220822_124235.mp4,89.0,30.0,2670
undercover-left_videos_20220822_110511.mp4,103.0,30.0,3090
undercover-left_videos_20220822_104853.mp4,114.0,30.0,3420
undercover-left_videos_20220822_122500.mp4,107.0,30.0,3210
undercover-left_videos_20220822_110135.mp4,127.0,30.0,3810
undercover-left_videos_20220822_072255.mp4,136.0,30.0,4080
undercover-left_videos_20220822_100823.mp4,96.0,30.0,2880
undercover-left_videos_20220822_093643.mp4,107.0,30.0,3210
undercover-left_videos_20220822_071549.mp4,106.0,30.0,3180
undercover-left_videos_20220905_075128.mp4,129.0,30.0,3870
undercover-left_videos_20220905_111403.mp4,115.0,30.0,3450
undercover-left_videos_20220905_143313.mp4,108.0,30.0,3240
undercover-left_videos_20220905_122355.mp4,153.0,30.0,4590
undercover-left_videos_20220905_084930.mp4,119.0,30.0,3570
undercover-left_videos_20220905_104432.mp4,103.0,30.0,3090
undercover-left_videos_20220905_101327.mp4,100.0,30.0,3000
undercover-left_videos_20220905_093957.mp4,124.0,30.0,3720
undercover-left_videos_20220905_083238.mp4,94.0,30.0,2820
undercover-left_videos_20220905_080928.mp4,96.0,30.0,2880
undercover-left_videos_20220905_071735.mp4,110.0,30.0,3300
undercover-left_videos_20220804_110712.mp4,96.0,30.0,2880
undercover-left_videos_20220804_163459.mp4,139.0,30.0,4170
undercover-left_videos_20220804_125327.mp4,119.0,30.0,3570
undercover-left_videos_20220804_154932.mp4,104.0,30.0,3120
undercover-left_videos_20220804_095239.mp4,144.0,30.0,4320
undercover-left_videos_20220804_104101.mp4,97.0,30.0,2910
undercover-left_videos_20220804_101504.mp4,96.0,30.0,2880
undercover-left_videos_20220804_090916.mp4,99.0,30.0,2970
undercover-left_videos_20220804_082900.mp4,153.0,30.0,4590
undercover-left_videos_20220804_081541.mp4,107.0,30.0,3210
undercover-left_videos_20220804_073039.mp4,89.0,30.0,2670
undercover-left_videos_20220804_080114.mp4,136.0,30.0,4080
undercover-left_videos_20220809_171733.mp4,88.0,30.0,2640
undercover-left_videos_20220809_163301.mp4,86.0,30.0,2580
undercover-left_videos_20220809_164605.mp4,92.0,30.0,2760
undercover-left_videos_20220809_161336.mp4,97.0,30.0,2910
undercover-left_videos_20220809_154802.mp4,101.0,30.0,3030
undercover-left_videos_20220809_143040.mp4,90.0,30.0,2700
undercover-left_videos_20220809_110410.mp4,106.0,30.0,3180
undercover-left_videos_20220809_101051.mp4,124.0,30.0,3720
undercover-left_videos_20220809_133551.mp4,89.0,30.0,2670
undercover-left_videos_20220809_124717.mp4,131.0,30.0,3930
undercover-left_videos_20220809_123257.mp4,129.0,30.0,3870
undercover-left_videos_20220809_084242.mp4,90.0,30.0,2700
undercover-left_videos_20220704_180735.mp4,94.0,30.0,2820
undercover-left_videos_20220704_145515.mp4,180.0,30.0,5400
undercover-left_videos_20220704_144820.mp4,414.93333333333334,30.0,12448
undercover-left_videos_20220704_162752.mp4,133.0,30.0,3990
undercover-left_videos_20220704_111436.mp4,91.0,30.0,2730
undercover-left_videos_20220704_095105.mp4,145.0,30.0,4350
undercover-left_videos_20220704_104238.mp4,140.0,30.0,4200
undercover-left_videos_20220704_091232.mp4,143.0,30.0,4290
undercover-left_videos_20220704_093859.mp4,87.0,30.0,2610
undercover-left_videos_20220704_130049.mp4,95.0,30.0,2850
undercover-left_videos_20220704_073756.mp4,163.0,30.0,4890
undercover-left_videos_20220704_084232.mp4,85.0,30.0,2550
undercover-left_videos_20220712_171922.mp4,92.0,30.0,2760
undercover-left_videos_20220712_150630.mp4,119.0,30.0,3570
undercover-left_videos_20220712_173108.mp4,86.0,30.0,2580
undercover-left_videos_20220712_153812.mp4,121.0,30.0,3630
undercover-left_videos_20220712_143335.mp4,88.0,30.0,2640
undercover-left_videos_20220712_105827.mp4,95.0,30.0,2850
undercover-left_videos_20220712_141810.mp4,108.0,30.0,3240
undercover-left_videos_20220712_105157.mp4,111.0,30.0,3330
undercover-left_videos_20220712_122550.mp4,107.0,30.0,3210
undercover-left_videos_20220712_093439.mp4,88.0,30.0,2640
undercover-left_videos_20220712_092632.mp4,125.0,30.0,3750
undercover-left_videos_20220712_092430.mp4,122.0,30.0,3660
undercover-left_videos_20220712_083824.mp4,90.0,30.0,2700
undercover-right_videos_20220418_123131.mp4,67.0,30.0,2010
undercover-right_videos_20220418_123451.mp4,67.0,30.0,2010
undercover-right_videos_20220418_125026.mp4,66.0,30.0,1980
undercover-right_videos_20220418_193255.mp4,68.0,30.0,2040
undercover-right_videos_20220418_200114.mp4,67.0,30.0,2010
undercover-right_videos_20220418_201120.mp4,68.0,30.0,2040
undercover-right_videos_20220418_202234.mp4,67.0,30.0,2010
undercover-right_videos_20220418_204350.mp4,68.0,30.0,2040
undercover-right_videos_20220418_205248.mp4,67.0,30.0,2010
undercover-right_videos_20220418_215408.mp4,67.0,30.0,2010
undercover-right_videos_20220418_221305.mp4,66.0,30.0,1980
undercover-right_videos_20220419_073148.mp4,67.0,30.0,2010
undercover-right_videos_20220419_091151.mp4,68.0,30.0,2040
undercover-right_videos_20220419_141957.mp4,67.0,30.0,2010
undercover-right_videos_20220419_175214.mp4,67.0,30.0,2010
undercover-right_videos_20220419_182222.mp4,67.0,30.0,2010
undercover-right_videos_20220419_184653.mp4,67.0,30.0,2010
undercover-right_videos_20220419_190015.mp4,67.0,30.0,2010
undercover-right_videos_20220419_191657.mp4,67.0,30.0,2010
undercover-right_videos_20220419_193340.mp4,67.0,30.0,2010
undercover-right_videos_20220419_203928.mp4,67.0,30.0,2010
undercover-right_videos_20220419_222436.mp4,67.0,30.0,2010
undercover-right_videos_20220419_225802.mp4,67.0,30.0,2010
undercover-right_videos_20220419_231805.mp4,67.0,30.0,2010
undercover-right_videos_20220420_063713.mp4,67.0,30.0,2010
undercover-right_videos_20220420_063820.mp4,67.0,30.0,2010
undercover-right_videos_20220420_064247.mp4,67.0,30.0,2010
undercover-right_videos_20220420_065716.mp4,67.0,30.0,2010
undercover-right_videos_20220420_071359.mp4,66.0,30.0,1980
undercover-right_videos_20220420_072253.mp4,67.0,30.0,2010
undercover-right_videos_20220420_073722.mp4,66.0,30.0,1980
undercover-right_videos_20220420_083623.mp4,67.0,30.0,2010
undercover-right_videos_20220420_084304.mp4,67.0,30.0,2010
undercover-right_videos_20220420_084731.mp4,67.0,30.0,2010
undercover-right_videos_20220420_092054.mp4,67.0,30.0,2010
undercover-right_videos_20220420_094849.mp4,67.0,30.0,2010
undercover-right_videos_20220420_101435.mp4,67.0,30.0,2010
undercover-right_videos_20220420_101904.mp4,67.0,30.0,2010
undercover-right_videos_20220420_105559.mp4,67.0,30.0,2010
undercover-right_videos_20220420_110454.mp4,67.0,30.0,2010
undercover-right_videos_20220420_110708.mp4,66.0,30.0,1980
undercover-right_videos_20220420_111135.mp4,67.0,30.0,2010
undercover-right_videos_20220420_122400.mp4,67.0,30.0,2010
undercover-right_videos_20220420_123937.mp4,66.0,30.0,1980
undercover-right_videos_20220420_124618.mp4,67.0,30.0,2010
undercover-right_videos_20220420_131411.mp4,67.0,30.0,2010
undercover-right_videos_20220420_131732.mp4,67.0,30.0,2010
undercover-right_videos_20220420_135651.mp4,67.0,30.0,2010
undercover-right_videos_20220420_141128.mp4,67.0,30.0,2010
undercover-right_videos_20220420_141450.mp4,67.0,30.0,2010
undercover-right_videos_20220420_141811.mp4,67.0,30.0,2010
undercover-right_videos_20220420_142347.mp4,67.0,30.0,2010
undercover-right_videos_20220420_144142.mp4,67.0,30.0,2010
undercover-right_videos_20220420_145721.mp4,67.0,30.0,2010
undercover-right_videos_20220420_145828.mp4,67.0,30.0,2010
undercover-right_videos_20220420_150511.mp4,67.0,30.0,2010
undercover-right_videos_20220420_151301.mp4,67.0,30.0,2010
undercover-right_videos_20220420_151622.mp4,67.0,30.0,2010
undercover-right_videos_20220420_170752.mp4,67.0,30.0,2010
undercover-right_videos_20220420_172226.mp4,67.0,30.0,2010
undercover-right_videos_20220420_173552.mp4,67.0,30.0,2010
undercover-right_videos_20220420_173806.mp4,68.0,30.0,2040
undercover-right_videos_20220420_174128.mp4,67.0,30.0,2010
undercover-right_videos_20220420_182829.mp4,67.0,30.0,2010
undercover-right_videos_20220420_192915.mp4,67.0,30.0,2010
undercover-right_videos_20220420_193129.mp4,67.0,30.0,2010
undercover-right_videos_20220420_195244.mp4,67.0,30.0,2010
undercover-right_videos_20220420_195605.mp4,67.0,30.0,2010
undercover-right_videos_20220420_195926.mp4,67.0,30.0,2010
undercover-right_videos_20220420_201933.mp4,67.0,30.0,2010
undercover-right_videos_20220420_203256.mp4,67.0,30.0,2010
undercover-right_videos_20220420_205517.mp4,67.0,30.0,2010
undercover-right_videos_20220420_215550.mp4,68.0,30.0,2040
undercover-right_videos_20220420_220557.mp4,67.0,30.0,2010
undercover-right_videos_20220420_220919.mp4,68.0,30.0,2040
undercover-right_videos_20220420_222246.mp4,68.0,30.0,2040
undercover-right_videos_20220420_222715.mp4,67.0,30.0,2010
undercover-right_videos_20220420_223036.mp4,68.0,30.0,2040
undercover-right_videos_20220420_223358.mp4,67.0,30.0,2010
undercover-right_videos_20220420_224147.mp4,67.0,30.0,2010
undercover-right_videos_20220420_224508.mp4,68.0,30.0,2040
undercover-right_videos_20220420_224723.mp4,67.0,30.0,2010
undercover-right_videos_20220420_225044.mp4,67.0,30.0,2010
undercover-right_videos_20220420_230622.mp4,67.0,30.0,2010
undercover-right_videos_20220420_231157.mp4,67.0,30.0,2010
undercover-right_videos_20220421_064510.mp4,67.0,30.0,2010
undercover-right_videos_20220421_070311.mp4,67.0,30.0,2010
undercover-right_videos_20220421_071745.mp4,68.0,30.0,2040
undercover-right_videos_20220421_072107.mp4,67.0,30.0,2010
undercover-right_videos_20220421_074650.mp4,67.0,30.0,2010
undercover-right_videos_20220421_075800.mp4,67.0,30.0,2010
undercover-right_videos_20220421_080803.mp4,67.0,30.0,2010
undercover-right_videos_20220421_081124.mp4,67.0,30.0,2010
undercover-right_videos_20220421_081552.mp4,67.0,30.0,2010
undercover-right_videos_20220421_082020.mp4,66.0,30.0,1980
undercover-right_videos_20220421_082701.mp4,67.0,30.0,2010
undercover-right_videos_20220421_083022.mp4,67.0,30.0,2010
undercover-right_videos_20220421_093728.mp4,68.0,30.0,2040
undercover-right_videos_20220421_093836.mp4,67.0,30.0,2010
undercover-right_videos_20220421_094950.mp4,68.0,30.0,2040
undercover-right_videos_20220421_095312.mp4,68.0,30.0,2040
undercover-right_videos_20220421_095635.mp4,67.0,30.0,2010
undercover-right_videos_20220421_101215.mp4,67.0,30.0,2010
undercover-right_videos_20220421_103435.mp4,67.0,30.0,2010
undercover-right_videos_20220421_105334.mp4,67.0,30.0,2010
undercover-right_videos_20220421_105548.mp4,67.0,30.0,2010
undercover-right_videos_20220421_111808.mp4,67.0,30.0,2010
undercover-right_videos_20220421_122051.mp4,67.0,30.0,2010
undercover-right_videos_20220421_124424.mp4,67.0,30.0,2010
undercover-right_videos_20220421_130221.mp4,67.0,30.0,2010
undercover-right_videos_20220421_132340.mp4,67.0,30.0,2010
undercover-right_videos_20220421_133130.mp4,67.0,30.0,2010
undercover-right_videos_20220421_145401.mp4,67.0,30.0,2010
undercover-right_videos_20220421_171734.mp4,67.0,30.0,2010
undercover-right_videos_20220421_172844.mp4,67.0,30.0,2010
undercover-right_videos_20220421_173312.mp4,67.0,30.0,2010
undercover-right_videos_20220421_180747.mp4,67.0,30.0,2010
undercover-right_videos_20220421_180854.mp4,67.0,30.0,2010
undercover-right_videos_20220421_182110.mp4,66.0,30.0,1980
undercover-right_videos_20220421_194253.mp4,67.0,30.0,2010
undercover-right_videos_20220421_195044.mp4,68.0,30.0,2040
undercover-right_videos_20220421_203854.mp4,67.0,30.0,2010
undercover-right_videos_20220421_204322.mp4,67.0,30.0,2010
undercover-right_videos_20220421_204751.mp4,67.0,30.0,2010
undercover-right_videos_20220421_205005.mp4,67.0,30.0,2010
undercover-right_videos_20220422_065954.mp4,67.0,30.0,2010
undercover-right_videos_20220422_072007.mp4,68.0,30.0,2040
undercover-right_videos_20220422_083319.mp4,67.0,30.0,2010
undercover-right_videos_20220422_084904.mp4,67.0,30.0,2010
undercover-right_videos_20220422_094210.mp4,68.0,30.0,2040
undercover-right_videos_20220422_103310.mp4,67.0,30.0,2010
undercover-right_videos_20220422_104319.mp4,67.0,30.0,2010
undercover-right_videos_20220422_104750.mp4,67.0,30.0,2010
undercover-right_videos_20220422_110342.mp4,68.0,30.0,2040
undercover-right_videos_20220422_122138.mp4,67.0,30.0,2010
undercover-right_videos_20220422_122820.mp4,67.0,30.0,2010
undercover-right_videos_20220422_122927.mp4,67.0,30.0,2010
undercover-right_videos_20220422_123931.mp4,68.0,30.0,2040
undercover-right_videos_20220422_124039.mp4,67.0,30.0,2010
undercover-right_videos_20220422_130045.mp4,67.0,30.0,2010
undercover-right_videos_20220422_130406.mp4,66.0,30.0,1980
undercover-right_videos_20220422_135200.mp4,67.0,30.0,2010
undercover-right_videos_20220422_140415.mp4,67.0,30.0,2010
undercover-right_videos_20220422_181750.mp4,67.0,30.0,2010
undercover-right_videos_20220422_181857.mp4,68.0,30.0,2040
undercover-right_videos_20220422_183659.mp4,68.0,30.0,2040
undercover-right_videos_20220422_185615.mp4,68.0,30.0,2040
undercover-right_videos_20220422_185939.mp4,68.0,30.0,2040
undercover-right_videos_20220422_200301.mp4,68.0,30.0,2040
undercover-right_videos_20220422_200841.mp4,68.0,30.0,2040
undercover-right_videos_20220422_201206.mp4,68.0,30.0,2040
undercover-right_videos_20220422_201639.mp4,68.0,30.0,2040
undercover-right_videos_20220422_202004.mp4,68.0,30.0,2040
undercover-right_videos_20220422_202330.mp4,68.0,30.0,2040
undercover-right_videos_20220422_203237.mp4,68.0,30.0,2040
undercover-right_videos_20220422_203925.mp4,68.0,30.0,2040
undercover-right_videos_20220422_204248.mp4,68.0,30.0,2040
undercover-right_videos_20220422_204719.mp4,68.0,30.0,2040
undercover-right_videos_20220422_205405.mp4,67.0,30.0,2010
undercover-right_videos_20220422_215506.mp4,67.0,30.0,2010
undercover-right_videos_20220422_224754.mp4,67.0,30.0,2010
undercover-right_videos_20220422_225437.mp4,67.0,30.0,2010
undercover-right_videos_20220422_231442.mp4,67.0,30.0,2010
undercover-right_videos_20220422_232123.mp4,67.0,30.0,2010
undercover-right_videos_20220422_233804.mp4,67.0,30.0,2010
undercover-right_videos_20220422_234659.mp4,67.0,30.0,2010
undercover-right_videos_20220425_072708.mp4,67.0,30.0,2010
undercover-right_videos_20220425_073818.mp4,67.0,30.0,2010
undercover-right_videos_20220425_073925.mp4,67.0,30.0,2010
undercover-right_videos_20220425_080504.mp4,67.0,30.0,2010
undercover-right_videos_20220425_082254.mp4,66.0,30.0,1980
undercover-right_videos_20220425_090619.mp4,67.0,30.0,2010
undercover-right_videos_20220425_092048.mp4,67.0,30.0,2010
undercover-right_videos_20220425_095414.mp4,67.0,30.0,2010
undercover-right_videos_20220425_104434.mp4,67.0,30.0,2010
undercover-right_videos_20220425_104903.mp4,67.0,30.0,2010
undercover-right_videos_20220425_110227.mp4,67.0,30.0,2010
undercover-right_videos_20220425_111911.mp4,67.0,30.0,2010
undercover-right_videos_20220425_121935.mp4,67.0,30.0,2010
undercover-right_videos_20220425_122939.mp4,67.0,30.0,2010
undercover-right_videos_20220425_135555.mp4,67.0,30.0,2010
undercover-right_videos_20220425_140237.mp4,67.0,30.0,2010
undercover-right_videos_20220425_142456.mp4,66.0,30.0,1980
undercover-right_videos_20220425_143351.mp4,66.0,30.0,1980
undercover-right_videos_20220425_143818.mp4,67.0,30.0,2010
undercover-right_videos_20220425_145034.mp4,67.0,30.0,2010
undercover-right_videos_20220425_145141.mp4,67.0,30.0,2010
undercover-right_videos_20220425_151256.mp4,67.0,30.0,2010
undercover-right_videos_20220425_172359.mp4,68.0,30.0,2040
undercover-right_videos_20220425_172507.mp4,69.0,30.0,2070
undercover-right_videos_20220425_173303.mp4,69.0,30.0,2070
undercover-right_videos_20220425_173520.mp4,68.0,30.0,2040
undercover-right_videos_20220425_174318.mp4,68.0,30.0,2040
undercover-right_videos_20220425_184734.mp4,67.0,30.0,2010
undercover-right_videos_20220425_185523.mp4,67.0,30.0,2010
undercover-right_videos_20220425_185844.mp4,67.0,30.0,2010
undercover-right_videos_20220425_192421.mp4,67.0,30.0,2010
undercover-right_videos_20220425_193209.mp4,66.0,30.0,1980
undercover-right_videos_20220425_204900.mp4,67.0,30.0,2010
undercover-right_videos_20220425_205007.mp4,67.0,30.0,2010
undercover-right_videos_20220425_205220.mp4,67.0,30.0,2010
undercover-right_videos_20220425_214920.mp4,67.0,30.0,2010
undercover-right_videos_20220425_221937.mp4,67.0,30.0,2010
undercover-right_videos_20220425_224834.mp4,66.0,30.0,1980
undercover-right_videos_20220425_225154.mp4,67.0,30.0,2010
undercover-right_videos_20220425_225301.mp4,67.0,30.0,2010
undercover-right_videos_20220425_225942.mp4,67.0,30.0,2010
undercover-right_videos_20220425_230302.mp4,67.0,30.0,2010
undercover-right_videos_20220425_231624.mp4,67.0,30.0,2010
undercover-right_videos_20220425_233413.mp4,67.0,30.0,2010
undercover-right_videos_20220426_064129.mp4,67.0,30.0,2010
undercover-right_videos_20220426_065815.mp4,67.0,30.0,2010
undercover-right_videos_20220426_065922.mp4,68.0,30.0,2040
undercover-right_videos_20220426_070351.mp4,68.0,30.0,2040
undercover-right_videos_20220426_071143.mp4,68.0,30.0,2040
undercover-right_videos_20220426_071358.mp4,67.0,30.0,2010
undercover-right_videos_20220426_072514.mp4,67.0,30.0,2010
undercover-right_videos_20220426_072944.mp4,67.0,30.0,2010
undercover-right_videos_20220426_073307.mp4,67.0,30.0,2010
undercover-right_videos_20220426_073629.mp4,67.0,30.0,2010
undercover-right_videos_20220426_073843.mp4,68.0,30.0,2040
undercover-right_videos_20220426_073951.mp4,67.0,30.0,2010
undercover-right_videos_20220426_075210.mp4,67.0,30.0,2010
undercover-right_videos_20220426_080428.mp4,67.0,30.0,2010
undercover-right_videos_20220426_081753.mp4,67.0,30.0,2010
undercover-right_videos_20220426_082755.mp4,67.0,30.0,2010
undercover-right_videos_20220426_083330.mp4,67.0,30.0,2010
undercover-right_videos_20220426_083437.mp4,67.0,30.0,2010
undercover-right_videos_20220426_084118.mp4,67.0,30.0,2010
undercover-right_videos_20220426_093335.mp4,67.0,30.0,2010
undercover-right_videos_20220426_093656.mp4,67.0,30.0,2010
undercover-right_videos_20220426_100350.mp4,67.0,30.0,2010
undercover-right_videos_20220426_100926.mp4,68.0,30.0,2040
undercover-right_videos_20220426_101610.mp4,68.0,30.0,2040
undercover-right_videos_20220426_101933.mp4,67.0,30.0,2010
undercover-right_videos_20220426_102509.mp4,67.0,30.0,2010
undercover-right_videos_20220426_104840.mp4,67.0,30.0,2010
undercover-right_videos_20220426_111211.mp4,67.0,30.0,2010
undercover-right_videos_20220426_111532.mp4,67.0,30.0,2010
undercover-right_videos_20220426_112108.mp4,67.0,30.0,2010
undercover-right_videos_20220426_112430.mp4,67.0,30.0,2010
undercover-right_videos_20220426_122743.mp4,68.0,30.0,2040
undercover-right_videos_20220426_124109.mp4,67.0,30.0,2010
undercover-right_videos_20220426_124538.mp4,67.0,30.0,2010
undercover-right_videos_20220426_125113.mp4,67.0,30.0,2010
undercover-right_videos_20220426_130117.mp4,67.0,30.0,2010
undercover-right_videos_20220426_130652.mp4,67.0,30.0,2010
undercover-right_videos_20220426_131548.mp4,67.0,30.0,2010
undercover-right_videos_20220426_135134.mp4,67.0,30.0,2010
undercover-right_videos_20220426_135241.mp4,67.0,30.0,2010
undercover-right_videos_20220426_140715.mp4,67.0,30.0,2010
undercover-right_videos_20220426_141359.mp4,67.0,30.0,2010
undercover-right_videos_20220427_224655.mp4,67.0,30.0,2010
undercover-right_videos_20220427_225230.mp4,67.0,30.0,2010
undercover-right_videos_20220427_225912.mp4,67.0,30.0,2010
undercover-right_videos_20220427_231704.mp4,67.0,30.0,2010
undercover-right_videos_20220427_232132.mp4,67.0,30.0,2010
undercover-right_videos_20220427_234605.mp4,67.0,30.0,2010
undercover-right_videos_20220513_094352.mp4,65.0,30.0,1950
undercover-right_videos_20220513_100847.mp4,64.0,30.0,1920
undercover-right_videos_20220513_101535.mp4,66.0,30.0,1980
undercover-right_videos_20220513_104306.mp4,65.0,30.0,1950
undercover-right_videos_20220513_110705.mp4,65.0,30.0,1950
undercover-right_videos_20220513_124206.mp4,67.0,30.0,2010
undercover-right_videos_20220513_151227.mp4,64.0,30.0,1920
undercover-right_videos_20220513_154842.mp4,68.0,30.0,2040
undercover-right_videos_20220513_160510.mp4,65.0,30.0,1950
undercover-right_videos_20220513_171119.mp4,69.0,30.0,2070
undercover-right_videos_20220516_081109.mp4,68.0,30.0,2040
undercover-right_videos_20220516_083232.mp4,64.0,30.0,1920
undercover-right_videos_20220516_083902.mp4,68.0,30.0,2040
undercover-right_videos_20220516_084654.mp4,65.0,30.0,1950
undercover-right_videos_20220516_101521.mp4,67.0,30.0,2010
undercover-right_videos_20220516_103058.mp4,68.0,30.0,2040
undercover-right_videos_20220516_111744.mp4,68.0,30.0,2040
undercover-right_videos_20220516_111852.mp4,64.0,30.0,1920
undercover-right_videos_20220516_142018.mp4,67.0,30.0,2010
undercover-right_videos_20220516_143803.mp4,68.0,30.0,2040
undercover-right_videos_20220517_084046.mp4,67.0,30.0,2010
undercover-right_videos_20220517_091705.mp4,63.0,30.0,1890
undercover-right_videos_20220517_094007.mp4,67.0,30.0,2010
undercover-right_videos_20220517_105146.mp4,67.0,30.0,2010
undercover-right_videos_20220517_112738.mp4,70.0,30.0,2100
undercover-right_videos_20220517_121752.mp4,68.0,30.0,2040
undercover-right_videos_20220517_135758.mp4,65.0,30.0,1950
undercover-right_videos_20220517_141201.mp4,69.0,30.0,2070
undercover-right_videos_20220517_141310.mp4,62.0,30.0,1860
undercover-right_videos_20220517_142716.mp4,67.0,30.0,2010
undercover-right_videos_20220517_153521.mp4,63.0,30.0,1890
undercover-right_videos_20220525_064819.mp4,63.0,30.0,1890
undercover-right_videos_20220525_071348.mp4,69.0,30.0,2070
undercover-right_videos_20220525_071457.mp4,63.0,30.0,1890
undercover-right_videos_20220525_093205.mp4,67.0,30.0,2010
undercover-right_videos_20220525_095116.mp4,64.0,30.0,1920
undercover-right_videos_20220525_112214.mp4,67.0,30.0,2010
undercover-right_videos_20220525_121815.mp4,63.0,30.0,1890
undercover-right_videos_20220525_122724.mp4,63.0,30.0,1890
undercover-right_videos_20220525_131319.mp4,64.0,30.0,1920
undercover-right_videos_20220525_135212.mp4,68.0,30.0,2040
undercover-right_videos_20220606_064540.mp4,65.0,30.0,1950
undercover-right_videos_20220606_072916.mp4,66.0,30.0,1980
undercover-right_videos_20220606_084635.mp4,68.0,30.0,2040
undercover-right_videos_20220606_091148.mp4,65.0,30.0,1950
undercover-right_videos_20220606_103632.mp4,66.0,30.0,1980
undercover-right_videos_20220606_104524.mp4,68.0,30.0,2040
undercover-right_videos_20220606_121840.mp4,67.0,30.0,2010
undercover-right_videos_20220606_123915.mp4,66.0,30.0,1980
undercover-right_videos_20220606_125724.mp4,67.0,30.0,2010
undercover-right_videos_20220606_131049.mp4,65.0,30.0,1950
undercover-right_videos_20220606_131837.mp4,63.0,30.0,1890
undercover-right_videos_20220607_064000.mp4,67.0,30.0,2010
undercover-right_videos_20220607_072432.mp4,67.0,30.0,2010
undercover-right_videos_20220607_074405.mp4,70.0,30.0,2100
undercover-right_videos_20220607_075755.mp4,65.0,30.0,1950
undercover-right_videos_20220607_081813.mp4,66.0,30.0,1980
undercover-right_videos_20220607_084917.mp4,66.0,30.0,1980
undercover-right_videos_20220607_092026.mp4,66.0,30.0,1980
undercover-right_videos_20220607_094537.mp4,64.0,30.0,1920
undercover-right_videos_20220607_100810.mp4,66.0,30.0,1980
undercover-right_videos_20220607_102153.mp4,67.0,30.0,2010
undercover-right_videos_20220608_080759.mp4,65.0,30.0,1950
undercover-right_videos_20220608_104552.mp4,67.0,30.0,2010
undercover-right_videos_20220608_110945.mp4,68.0,30.0,2040
undercover-right_videos_20220608_112008.mp4,69.0,30.0,2070
undercover-right_videos_20220608_112117.mp4,65.0,30.0,1950
undercover-right_videos_20220608_123017.mp4,65.0,30.0,1950
undercover-right_videos_20220608_125239.mp4,69.0,30.0,2070
undercover-right_videos_20220608_131142.mp4,66.0,30.0,1980
undercover-right_videos_20220608_135940.mp4,68.0,30.0,2040
undercover-right_videos_20220608_144617.mp4,65.0,30.0,1950
undercover-right_videos_20220608_170839.mp4,68.0,30.0,2040
undercover-right_videos_20220613_064715.mp4,66.0,30.0,1980
undercover-right_videos_20220613_073927.mp4,66.0,30.0,1980
undercover-right_videos_20220613_075203.mp4,68.0,30.0,2040
undercover-right_videos_20220613_082922.mp4,67.0,30.0,2010
undercover-right_videos_20220613_091033.mp4,66.0,30.0,1980
undercover-right_videos_20220613_111708.mp4,71.0,30.0,2130
undercover-right_videos_20220613_124356.mp4,67.0,30.0,2010
undercover-right_videos_20220613_125410.mp4,70.0,30.0,2100
undercover-right_videos_20220613_135834.mp4,66.0,30.0,1980
undercover-right_videos_20220613_142112.mp4,66.0,30.0,1980
undercover-right_videos_20220613_151421.mp4,70.0,30.0,2100
undercover-right_videos_20230315_065805.mp4,60.0,30.0,1800
undercover-right_videos_20230315_080221.mp4,60.0,30.0,1800
undercover-right_videos_20230315_080721.mp4,61.0,30.0,1830
undercover-right_videos_20230315_084222.mp4,60.0,30.0,1800
undercover-right_videos_20230315_150925.mp4,60.0,30.0,1800
undercover-right_videos_20230315_154826.mp4,60.0,30.0,1800
undercover-right_videos_20230315_192128.mp4,60.0,30.0,1800
undercover-right_videos_20230315_215030.mp4,60.0,30.0,1800
undercover-right_videos_20230315_221030.mp4,60.0,30.0,1800
undercover-right_videos_20230315_234231.mp4,60.0,30.0,1800
undercover-right_videos_20230316_012731.mp4,60.0,30.0,1800
undercover-right_videos_20230316_015131.mp4,60.0,30.0,1800
undercover-right_videos_20230316_073035.mp4,60.0,30.0,1800
undercover-right_videos_20230316_084636.mp4,60.0,30.0,1800
undercover-right_videos_20230316_093936.mp4,60.0,30.0,1800
undercover-right_videos_20230316_100037.mp4,60.0,30.0,1800
undercover-right_videos_20230316_100437.mp4,60.0,30.0,1800
undercover-right_videos_20230316_102937.mp4,60.0,30.0,1800
undercover-right_videos_20230320_070432.mp4,60.0,30.0,1800
undercover-right_videos_20230320_071732.mp4,60.0,30.0,1800
undercover-right_videos_20230320_075832.mp4,60.0,30.0,1800
undercover-right_videos_20230320_092134.mp4,60.0,30.0,1800
undercover-right_videos_20230320_100834.mp4,60.0,30.0,1800
undercover-right_videos_20230320_122536.mp4,60.0,30.0,1800
undercover-right_videos_20230320_125436.mp4,60.0,30.0,1800
undercover-right_videos_20230320_130136.mp4,60.0,30.0,1800
undercover-right_videos_20230320_131136.mp4,60.0,30.0,1800
undercover-right_videos_20230320_131636.mp4,60.0,30.0,1800
undercover-right_videos_20230320_141436.mp4,60.0,30.0,1800
undercover-right_videos_20230320_144036.mp4,60.0,30.0,1800
undercover-right_videos_20230320_153137.mp4,60.0,30.0,1800
undercover-right_videos_20230320_160137.mp4,60.0,30.0,1800
undercover-right_videos_20230320_161537.mp4,60.0,30.0,1800
undercover-right_videos_20230320_161937.mp4,60.0,30.0,1800
undercover-right_videos_20230320_165137.mp4,60.0,30.0,1800
undercover-right_videos_20230320_171037.mp4,60.0,30.0,1800
undercover-right_videos_20230320_172137.mp4,60.0,30.0,1800
undercover-right_videos_20230320_175738.mp4,60.0,30.0,1800
undercover-right_videos_20230320_185539.mp4,60.0,30.0,1800
undercover-right_videos_20230320_191639.mp4,60.0,30.0,1800
undercover-right_videos_20230320_195240.mp4,60.0,30.0,1800
undercover-right_videos_20230320_203640.mp4,60.0,30.0,1800
undercover-right_videos_20230323_070709.mp4,60.0,30.0,1800
undercover-right_videos_20230323_080809.mp4,60.0,30.0,1800
undercover-right_videos_20230323_090602.mp4,60.0,30.0,1800
undercover-right_videos_20230323_091202.mp4,60.0,30.0,1800
undercover-right_videos_20230323_095003.mp4,60.0,30.0,1800
undercover-right_videos_20230323_101103.mp4,60.0,30.0,1800
undercover-right_videos_20230323_101704.mp4,60.0,30.0,1800
undercover-right_videos_20230323_103704.mp4,60.0,30.0,1800
undercover-right_videos_20230328_000823.mp4,60.0,30.0,1800
undercover-right_videos_20230328_003824.mp4,60.0,30.0,1800
undercover-right_videos_20230328_010124.mp4,60.0,30.0,1800
undercover-right_videos_20230328_073629.mp4,60.0,30.0,1800
undercover-right_videos_20230328_080930.mp4,60.0,30.0,1800
undercover-right_videos_20230328_083431.mp4,60.0,30.0,1800
undercover-right_videos_20230328_085131.mp4,60.0,30.0,1800
undercover-right_videos_20230328_091632.mp4,60.0,30.0,1800
undercover-right_videos_20230328_092232.mp4,60.0,30.0,1800
undercover-right_videos_20230328_092832.mp4,60.0,30.0,1800
undercover-right_videos_20230328_112534.mp4,60.0,30.0,1800
undercover-right_videos_20230328_131136.mp4,60.0,30.0,1800
undercover-right_videos_20230328_144837.mp4,60.0,30.0,1800
undercover-right_videos_20230328_174040.mp4,60.0,30.0,1800
undercover-right_videos_20230328_175941.mp4,60.0,30.0,1800
undercover-right_videos_20230328_182641.mp4,60.0,30.0,1800
undercover-right_videos_20230328_202243.mp4,60.0,30.0,1800
undercover-right_videos_20230328_202743.mp4,60.0,30.0,1800
undercover-right_videos_20230328_203143.mp4,60.0,30.0,1800
undercover-right_videos_20230328_220302.mp4,60.0,30.0,1800
undercover-right_videos_20230328_233304.mp4,60.0,30.0,1800
undercover-right_videos_20230403_083654.mp4,60.0,30.0,1800
undercover-right_videos_20230403_084354.mp4,60.0,30.0,1800
undercover-right_videos_20230403_090654.mp4,60.0,30.0,1800
undercover-right_videos_20230403_091755.mp4,60.0,30.0,1800
undercover-right_videos_20230403_095356.mp4,60.0,30.0,1800
undercover-right_videos_20230403_100156.mp4,60.0,30.0,1800
undercover-right_videos_20230403_101757.mp4,60.0,30.0,1800
undercover-right_videos_20230403_102157.mp4,60.0,30.0,1800
undercover-right_videos_20230403_105158.mp4,60.0,30.0,1800
undercover-right_videos_20230406_092341.mp4,60.0,30.0,1800
undercover-right_videos_20230406_093041.mp4,60.0,30.0,1800
undercover-right_videos_20230406_100242.mp4,60.0,30.0,1800
undercover-right_videos_20230406_102442.mp4,60.0,30.0,1800
undercover-right_videos_20230406_104543.mp4,60.0,30.0,1800
undercover-right_videos_20230406_111444.mp4,60.0,30.0,1800
undercover-right_videos_20230406_121545.mp4,60.0,30.0,1800
undercover-right_videos_20230406_122746.mp4,60.0,30.0,1800
undercover-right_videos_20230406_123546.mp4,60.0,30.0,1800
undercover-right_videos_20230406_130647.mp4,60.0,30.0,1800
